{
  "ie": {
    "6": 0,
    "7": 0.000434564985031416,
    "8": 0.0003262679032284443,
    "9": 0.011870002605921475,
    "10": 0.0004129973458587902,
    "11": 1.5279809648238412,
    "5.5": 0
  },
  "edge": {
    "12": 0.01126106096374968,
    "13": 0.006956710848021401,
    "14": 0.02254414845261183,
    "15": 0.034587609943794,
    "16": 0.09954658581610358,
    "17": 0.3593586272364701,
    "18": 2.0290394403104024,
    "76": 0
  },
  "firefox": {
    "2": 0,
    "3": 0,
    "4": 0,
    "5": 0,
    "6": 0,
    "7": 0,
    "8": 0,
    "9": 0,
    "10": 0,
    "11": 0,
    "12": 0,
    "13": 0,
    "14": 0,
    "15": 0,
    "16": 0,
    "17": 0.000021567639172625714,
    "18": 0,
    "19": 0,
    "20": 0,
    "21": 0,
    "22": 0,
    "23": 0,
    "24": 0,
    "25": 0,
    "26": 0,
    "27": 0,
    "28": 0,
    "29": 0.000021567639172625714,
    "30": 0.000021567639172625714,
    "31": 0,
    "32": 0,
    "33": 0,
    "34": 0,
    "35": 0,
    "36": 0,
    "37": 0.0001954854103731607,
    "38": 0.002108580893579046,
    "39": 0,
    "40": 0.00006516180345772023,
    "41": 0.00032580901728860125,
    "42": 0.00008672944263034595,
    "43": 0.0015216657765197204,
    "44": 0.0001954854103731607,
    "45": 0.0027826843392085602,
    "46": 0.00006516180345772023,
    "47": 0.0004786180352563536,
    "48": 0.0027386312889836222,
    "49": 0.00015189124608806618,
    "50": 0.0010219389880305844,
    "51": 0.00006516180345772023,
    "52": 0.034892310207849817,
    "53": 0.000021567639172625714,
    "54": 0.0006525358064568886,
    "55": 0.0007176976099146088,
    "56": 0.02306636065215328,
    "57": 0.001217424398403745,
    "58": 0.00006516180345772023,
    "59": 0.00023862068871841215,
    "60": 0.04069721734686504,
    "61": 0.0009342917735205522,
    "62": 0.00034783554240107003,
    "63": 0.0003914297066861645,
    "64": 0.001478071612234626,
    "65": 0.002739090174923466,
    "66": 0.010674145846690356,
    "67": 0.011804840802463754,
    "68": 0.07354610846459353,
    "69": 0.3019873303794662,
    "3.5": 0,
    "3.6": 0
  },
  "chrome": {
    "4": 0,
    "5": 0,
    "6": 0,
    "7": 0,
    "8": 0,
    "9": 0,
    "10": 0,
    "11": 0,
    "12": 0,
    "13": 0,
    "14": 0,
    "15": 0,
    "16": 0,
    "17": 0,
    "18": 0,
    "19": 0,
    "20": 0,
    "21": 0,
    "22": 0,
    "23": 0.00008718832857018906,
    "24": 0,
    "25": 0,
    "26": 0,
    "27": 0,
    "28": 0,
    "29": 0,
    "30": 0,
    "31": 0.00021751193548562954,
    "32": 0,
    "33": 0.0009347506594603952,
    "34": 0.000021567639172625714,
    "35": 0,
    "36": 0.00034783554240107003,
    "37": 0.0005001856744289793,
    "38": 0.00023907957465825526,
    "39": 0.00013032360691544046,
    "40": 0.0005648885919468565,
    "41": 0.00015189124608806618,
    "42": 0.000021567639172625714,
    "43": 0,
    "44": 0.0020434190901213256,
    "45": 0.000021567639172625714,
    "46": 0.0007392652490872346,
    "47": 0.0008044270525449549,
    "48": 0.0015868275799774407,
    "49": 0.1005676070322545,
    "50": 0.0002606472138308809,
    "51": 0.0038693262447570217,
    "52": 0.0010871007914883047,
    "53": 0.0023912546325223958,
    "54": 0.0001954854103731607,
    "55": 0.0056085039567623715,
    "56": 0.005956798385103285,
    "57": 0.042501097976388263,
    "58": 0.00480453579015726,
    "59": 0.0013261803661465598,
    "60": 0.01308742700432522,
    "61": 0.052131737195875404,
    "62": 0.021043132543385048,
    "63": 0.010694795713983296,
    "64": 0.004803618018277574,
    "65": 0.034109909680417334,
    "66": 0.015413519833389896,
    "67": 0.05369791490855991,
    "68": 0.008108514557027581,
    "69": 0.020327270477229813,
    "70": 0.016695647149311516,
    "71": 0.022457877895921328,
    "72": 0.06995945595877985,
    "73": 0.05680732603693676,
    "74": 0.05582760455537174,
    "75": 0.1538098482025502,
    "76": 1.3132131672584735,
    "77": 3.2425321039815715,
    "78": 6.898447018011401
  },
  "safari": {
    "4": 0,
    "5": 0.00004313527834525143,
    "6": 0,
    "7": 0,
    "8": 0.004891724118727449,
    "9": 0.009934421711663277,
    "10": 0.03043606884603347,
    "11": 0.08863290150881514,
    "12": 0.31787855047623276,
    "13": 4.287999550805731,
    "3.1": 0,
    "3.2": 0,
    "5.1": 0.0009999124629181155,
    "6.1": 0.0011306949557733992,
    "7.1": 0,
    "9.1": 0.07763340553077602,
    "10.1": 0.3054014417718989,
    "11.1": 0.38814178892718876,
    "12.1": 1.4365860288431105,
    "TP": 0
  },
  "opera": {
    "9": 0,
    "11": 0,
    "12": 0,
    "15": 0,
    "16": 0,
    "17": 0,
    "18": 0,
    "19": 0,
    "20": 0,
    "21": 0,
    "22": 0,
    "23": 0,
    "24": 0,
    "25": 0,
    "26": 0,
    "27": 0,
    "28": 0,
    "29": 0,
    "30": 0,
    "31": 0,
    "32": 0,
    "33": 0,
    "34": 0,
    "35": 0.0004129973458587902,
    "36": 0.0002826737389433498,
    "37": 0,
    "38": 0,
    "39": 0,
    "40": 0,
    "41": 0,
    "42": 0.000021567639172625714,
    "43": 0,
    "44": 0,
    "45": 0,
    "46": 0,
    "47": 0,
    "48": 0.0014565039730620004,
    "49": 0,
    "50": 0,
    "51": 0,
    "52": 0,
    "53": 0,
    "54": 0,
    "55": 0,
    "56": 0.000021567639172625714,
    "57": 0,
    "58": 0.000021567639172625714,
    "9.5-9.6": 0,
    "10.0-10.1": 0,
    "10.5": 0,
    "10.6": 0,
    "11.1": 0,
    "11.5": 0,
    "11.6": 0,
    "12.1": 0.000021567639172625714
  },
  "ios_saf": {
    "8": 0.004760482739932322,
    "13": 0.3628585502996534,
    "3.2": 0.0001523501320279093,
    "4.0-4.1": 0,
    "4.2-4.3": 0.0001523501320279093,
    "5.0-5.1": 0.006782793076820865,
    "6.0-6.1": 0.002348119354177144,
    "7.0-7.1": 0.015738869964738653,
    "8.1-8.4": 0.04295768948653215,
    "9.0-9.2": 0.04521907939807895,
    "9.3": 0.7756966627373182,
    "10.0-10.2": 0.2723354976046246,
    "10.3": 1.1359693907659558,
    "11.0-11.2": 0.8981802033705393,
    "11.3-11.4": 1.2182981172332064,
    "12.0-12.1": 1.3581491140316693,
    "12.2": 0.6504978939980455
  },
  "op_mini": {
    "all": 0.003259007944765698
  },
  "android": {
    "3": 0.000021567639172625714,
    "4": 0.0001954854103731607,
    "67": 4.407459033095386,
    "2.1": 0,
    "2.2": 0,
    "2.3": 0.00023953846059809834,
    "4.1": 0.0003914297066861645,
    "4.2-4.3": 0.0015436923016321894,
    "4.4": 0.0010871007914883047,
    "4.4.3-4.4.4": 0
  },
  "bb": {
    "7": 0,
    "10": 0.0010650742663758357
  },
  "op_mob": {
    "10": 0.002558289114625284,
    "11": 0.002558289114625284,
    "12": 0.002558289114625284,
    "46": 0.002558289114625284,
    "11.1": 0.002558289114625284,
    "11.5": 0.002558289114625284,
    "12.1": 0.002558289114625284
  },
  "and_chr": {
    "75": 15.071657150381823
  },
  "and_ff": {
    "67": 0.05717535256069093
  },
  "ie_mob": {
    "10": 0,
    "11": 0
  },
  "and_uc": {
    "11.8": 0.0025656312896627734
  },
  "samsung": {
    "4": 0,
    "5.0-5.4": 0,
    "6.2-6.4": 0,
    "7.2-7.4": 0,
    "8.2": 0,
    "9.2": 0
  },
  "and_qq": {
    "1.2": 0
  },
  "baidu": {
    "7.12": 0
  },
  "kaios": {
    "2.5": 0
  }
}